path,size,sha256
KABUKI_INV_2025-06-12_OUT/EVENTS.csv,18343,b3d4c606d583a38d8d840cec6e14a3f76615ebaa63dccb4338e7e52e86e257fb
KABUKI_INV_2025-06-12_OUT/EVENTS.json,23403,489c3177a07e31febb0ae2dc074d150d383823e45b42f148c7bfb0c25137b72a
KABUKI_INV_2025-06-12_OUT/PIVOT.csv,18343,b3d4c606d583a38d8d840cec6e14a3f76615ebaa63dccb4338e7e52e86e257fb
KABUKI_INV_2025-06-12_OUT/PIVOT.json,23403,489c3177a07e31febb0ae2dc074d150d383823e45b42f148c7bfb0c25137b72a
KABUKI_INV_2025-06-12_OUT/IDMAP.csv,115,1a459ebf5c4be1858f751e9ad98cd3463ea24b32fe583a36c358466c558f1af9
KABUKI_INV_2025-06-12_OUT/IDMAP.json,241,0ddf9d8ce4382663123594c968e6388b165d71c2ff4b2549fb996ea74812522e
KABUKI_INV_2025-06-12_OUT/GAPS.csv,132,23e30b49aa9aa42644dd26944077145f3640c8416d7d62046648db6621e5edc0
KABUKI_INV_2025-06-12_OUT/GAPS.json,220,4cf5820a20f4a837764ef859150a936410406a4fbdacfca37e3c651791286131
KABUKI_INV_2025-06-12_OUT/tamper_join_sec.csv,5872,d0dd805d33286a36a11c47f3930cd35e405d181306990367af6349c9f279aade
KABUKI_INV_2025-06-12_OUT/tamper_join_sec.json,11273,257353ccdc5098eefa1dcaa376822defad4c347dda3d9c08e83f800ef36259c6
KABUKI_INV_2025-06-12_OUT/CATEGORY_COUNTS.csv,178,9b64dcf0fe87223ea188c24eb12e6773386492dca4b644e285faf7c4e31409ab
KABUKI_INV_2025-06-12_OUT/CATEGORY_COUNTS.json,595,4f8818bd36d08eae14c1155b7dcb98c0c1b140b058b8c1d54be282d649a08503
KABUKI_INV_2025-06-12_OUT/FUKABORI_STATS.csv,431,4ace3a1cb370d8c537df2f24a88166f0f8464ce0715029961498f6c095ace55c
KABUKI_INV_2025-06-12_OUT/FUKABORI_STATS.json,2054,2959405fb80b00e7523cd14f1054202863539a1186dd96f1525f2e93b4771727
KABUKI_INV_2025-06-12_OUT/APPLE_SUPPORT_JUNE.csv,2577,a50337b34611de38d287d3ce0671def5ab4dd35295e0b7f24710d03be81c2731
KABUKI_INV_2025-06-12_OUT/APPLE_SUPPORT_JUNE.json,4903,25281a9637ca679e5ac0c68e5164dcf1ae6396761ee6509a03a57a93dad66ffd
KABUKI_INV_2025-06-12_OUT/sha256_chain_generated.csv,5174,6f3b72dfb7c934c5a9d6f8b15c80e053812ba0639c7669113667685eec9445ef
KABUKI_INV_2025-06-12_OUT/sha256_chain_generated.json,7849,19c6df39c517941ac1c4632a95ee85877e8f6a657afb503e1fcbd742c96dc272
KABUKI_INV_2025-06-12_OUT/FINAL_SUMMARY.md,1182,ae67df023ea9ba08b5ea11d49291a56dadd0e0b48529428ae3d69772df161368
KABUKI_INV_2025-06-12_OUT/FINAL_SUMMARY.txt,1182,ae67df023ea9ba08b5ea11d49291a56dadd0e0b48529428ae3d69772df161368
KABUKI_INV_2025-06-12_OUT/FINAL_SUMMARY.pdf,2159,652f46a3e728a2a1ec188e39848607a2c8fd71f380baae41b77e3f5da6bf348d
KABUKI_INV_2025-06-12_OUT/H_EXTRACT/{.84368154682.-[]}.pdf,9254,ca628d257d7cbefa752775cde60b2a4713a16d7916ce409b0f3b803bc636eedf
KABUKI_INV_2025-06-12_OUT/H_EXTRACT/{.message.-.Successful.,.data.-[{.confirm_reg.-.Quý khách muốn đăng….pdf,123001,1c12d2b5281beec39dfa39a1649534acd62db44266b44d3ea18bf47ab3aada62
KABUKI_INV_2025-06-12_OUT/H_EXTRACT/{.-[],.84372503446.-[],.84368154682.-[],.0368154682.-[],.0372503446….pdf,10462,ed4f5163119c98eee6ebaf3e7c3d53d50e2e7d4c9f390c2b467ab89ae6d50462
KABUKI_INV_2025-06-12_OUT/H_EXTRACT/AudioClientLifeBOX.zip,228,34c00e1afe0ac2bdb00850839d5fa44524b2a2cd687449da03d274a0e0009651
KABUKI_INV_2025-06-12_OUT/H_EXTRACT/DocumentClientLifeBOX.zip,234,ce85a142b672f65b604dc31292b1ac0c603e1b49c4f25f215d3b812840e1a66f
KABUKI_INV_2025-06-12_OUT/H_EXTRACT/Media.zip,174,a0235c8af34952e61cb3273870a0b1700b95cc99d0b5857a2e22b8dfcfbb8a6f
KABUKI_INV_2025-06-12_OUT/H_EXTRACT/My-Viettel-App-MDM.pdf,3367647,264965613992cb94224aec9aca283841f1bddd26ec5f1a2083397e8c9c3edddf
KABUKI_INV_2025-06-12_OUT/H_EXTRACT/steChat.data,61440,a3843be762bafc1ccf77df80ec44685a3fcf701950c51a6b4f1f64b57db57f41
KABUKI_INV_2025-06-12_OUT/H_EXTRACT/viettel.der,1650,67f3dfbd69f2cc519d3e06d7b05a24a1c674bab1d25504e0646f7c167035a439
KABUKI_INV_2025-06-12_OUT/Tajima_EXTRACT/____________.csv,445,c388bc0e6339c82046778fd21dc0f9d43578249724d629094dab3e76270ef1df
KABUKI_INV_2025-06-12_OUT/Tajima_EXTRACT/history_search.txt,68,405c506a969c85ab80d7c44ff62240fa819b33333c26ad77f23e1af758965348
KABUKI_INV_2025-06-12_OUT/Tajima_EXTRACT/viettel.der,1650,67f3dfbd69f2cc519d3e06d7b05a24a1c674bab1d25504e0646f7c167035a439
KABUKI_INV_2025-06-12_OUT/Tajima_EXTRACT/viettel.zip,1666,0603a0a98d9cbf25611b0f036a815852b2fbe69a0c1bae083e1e9ba596fafb20
KABUKI_INV_2025-06-12_OUT/Tajima_EXTRACT/不正証拠/_____________csv__preview_.csv,445,c388bc0e6339c82046778fd21dc0f9d43578249724d629094dab3e76270ef1df
KABUKI_INV_2025-06-12_OUT/Tajima_EXTRACT/不正証拠/viettel_bundle_analysis_report.txt,458,339e0a81e00a4048d923bde04e99aeebab500ec5f310b8e83844b8b81a89aee8
KABUKI_INV_2025-06-12_OUT/2025-06-12-Analysis-Detalis-Python_EXTRACT/2025-06-12-Analysis-Detalis-Python.docx,17314,6155b31b705c6094e3957a7b1fb1cec37d7d78fa821750380af78edd116020b3
KABUKI_INV_2025-06-12_OUT/2025-06-12-Analysis-Detalis-Python_EXTRACT/2025-06-12-Analytics Logs.docx,17098,637238e374f6c7867317b44a4900489fdf4890b64b4443e73d3be7a9e0d186c5
KABUKI_INV_2025-06-12_OUT/2025-06-12-Analysis-Detalis-Python_EXTRACT/bug_type_298_2025-06-12.rtf,1971,fd4997d93ce9602d2549de8aca09e970ccf16c3d78814a879f698754a809fe3d
KABUKI_INV_2025-06-12_OUT/2025-06-12-Analysis-Detalis-Python_EXTRACT/bug_type_298_2025-06-12-2.docx,12564,0ac480e3cb0d18e33a6ba58de37bdca60544e6b919298315cc7b88180a28cefe
KABUKI_INV_2025-06-12_OUT/2025-06-12-Analysis-Detalis-Python_EXTRACT/C-bug_type_298_2025-06-12-1.docx,12564,0e7f223e584cf1a5d245e26b5d7a7c783cea515263da78ac119bc90f2bcd2151
KABUKI_INV_2025-06-12_OUT/2025-06-12-Analysis-Detalis-Python_EXTRACT/RTCR_2025-06-12.docx,12319,e597d7129d2ad1f8cd7d4080e1b365cd6aace9f39fa14b058868122df884de8e
KABUKI_INV_2025-06-12_OUT_ZIP_INTEGRATION/EVENTS.csv,11,4caff5a92c68b76bbd8ad4d90415922da4862f6ae8275961b3229430c97eea87
KABUKI_INV_2025-06-12_OUT_ZIP_INTEGRATION/EVENTS.json,4,ace810d7e2cbb4f8c40ce09dc8e191ae466adb4e1a7d49c59f2215b411d38b05
KABUKI_INV_2025-06-12_OUT_ZIP_INTEGRATION/PIVOT.csv,1,01ba4719c80b6fe911b091a7c05124b64eeece964e09c058ef8f9805daca546b
KABUKI_INV_2025-06-12_OUT_ZIP_INTEGRATION/PIVOT.json,4,ace810d7e2cbb4f8c40ce09dc8e191ae466adb4e1a7d49c59f2215b411d38b05
KABUKI_INV_2025-06-12_OUT_ZIP_INTEGRATION/GAPS.csv,145,2c5913c07c5082973095c883e008ec3440c1472af3beae2eec5fcbf54af522b2
KABUKI_INV_2025-06-12_OUT_ZIP_INTEGRATION/GAPS.json,481,15561905818a857056e01dd36abfe29b68c130a76d1959d8271cd23f4f9ab75d
KABUKI_INV_2025-06-12_OUT_ZIP_INTEGRATION/IDMAP.csv,1,01ba4719c80b6fe911b091a7c05124b64eeece964e09c058ef8f9805daca546b
KABUKI_INV_2025-06-12_OUT_ZIP_INTEGRATION/IDMAP.json,4,ace810d7e2cbb4f8c40ce09dc8e191ae466adb4e1a7d49c59f2215b411d38b05
KABUKI_INV_2025-06-12_OUT_ZIP_INTEGRATION/tamper_join_sec.csv,1,01ba4719c80b6fe911b091a7c05124b64eeece964e09c058ef8f9805daca546b
KABUKI_INV_2025-06-12_OUT_ZIP_INTEGRATION/tamper_join_sec.json,4,ace810d7e2cbb4f8c40ce09dc8e191ae466adb4e1a7d49c59f2215b411d38b05
KABUKI_INV_2025-06-12_OUT_ZIP_INTEGRATION/DIFF_events.csv,45,a49e492ead16c22bdf33f8a7fab8d579b204e460163859af61d3f90920569eeb
KABUKI_INV_2025-06-12_OUT_ZIP_INTEGRATION/DIFF_events.json,4,ace810d7e2cbb4f8c40ce09dc8e191ae466adb4e1a7d49c59f2215b411d38b05
KABUKI_INV_2025-06-12_OUT_ZIP_INTEGRATION/DIFF_keywords.csv,256,2bf48e78f26ae31fe16797879d410618f1ee818b047600dc6ad7b141de8f39cf
KABUKI_INV_2025-06-12_OUT_ZIP_INTEGRATION/DIFF_keywords.json,1017,f2756db24295668043c08e5453e993503a6fabb9e81a0c5470bb9af8ac85bb6b
KABUKI_INV_2025-06-12_OUT_ZIP_INTEGRATION/sha256_chain_generated.csv,392,22ac84362d25776611bf138a8424f52c08ea7afb17081ebdd6a3d994e49bc36b
KABUKI_INV_2025-06-12_OUT_ZIP_INTEGRATION/sha256_chain_generated.json,601,dea5028cf8925a57ddb4e2fa0c9272c60a7a52117d1f0f017d3a8bb958383ce0
KABUKI_INV_2025-06-12_OUT_ZIP_INTEGRATION/SUMMARY.txt,679,f6861191687078bffa005fc455265be693be5eeb018ff942dd0c01e84e28291b
KABUKI_INV_2025-06-12_OUT_ZIP_INTEGRATION/SUMMARY.pdf,2259,76e0cde41f14f7d2fb497a3c4a3b16093607cc7378513d37da7286873cee00b6
KABUKI_INV_2025-06-12_OUT_ZIP_INTEGRATION/TIMELINE_all_events_per_min.png,113995,1bae026b0af0df15b08b83b5ac7135c9dfeb55f01e6d19e85c61ce5b8fe0c4cd
KABUKI_INV_2025-06-12_OUT_ZIP_INTEGRATION/TIMELINE_bt298.png,63185,665f2687a7a786fe91db494e65a75f4585dac9bcf4cf26a69b06fcfee77d07ee
KABUKI_INV_2025-06-12_OUT_ZIP_INTEGRATION/TIMELINE_bt225.png,62536,68c62142614bf2be1d798fc20b289f8a1a571a399399ffc92d57556c3d1426a4
KABUKI_INV_2025-06-12_OUT_ZIP_INTEGRATION/TIMELINE_bt202.png,63118,ce3a724963b4f8cccec92b843ee1d7fab2fd4d0ecc638387ccd7edba024604cb
KABUKI_INV_2025-06-12_OUT_ZIP_INTEGRATION/USAGE_NETWORK_nodes.csv,136,331f30a02995206b6331c9df2d39b0f4c867994e6d8ecdb2f0f7e4d97d278de6
KABUKI_INV_2025-06-12_OUT_ZIP_INTEGRATION/USAGE_NETWORK_edges.csv,115,1a459ebf5c4be1858f751e9ad98cd3463ea24b32fe583a36c358466c558f1af9
KABUKI_INV_2025-06-12_OUT_ZIP_INTEGRATION/USAGE_NETWORK.png,83138,822bfa5338eb5f795b20283b532e3cc654205fa0a8e698f455551cb57db6730f
KABUKI_INV_2025-06-12_OUT_ZIP_INTEGRATION/FLAME_PIVOT.csv,1,01ba4719c80b6fe911b091a7c05124b64eeece964e09c058ef8f9805daca546b
KABUKI_INV_2025-06-12_OUT_ZIP_INTEGRATION/FLAME_TOP_KEYWORDS.csv,18,1d3d07cf5db7821155edf96eecb2d42ba342b0444c5f0b8641dfc83d635c30fc
KABUKI_INV_2025-06-12_OUT_ZIP_INTEGRATION/FLAME_timeline_hourly.png,60334,73e12fdd8f75fad9dc24902647b0e058a16ed8cd28cec49543bd6ae6c7733f1f
KABUKI_INV_2025-06-12_OUT_ZIP_INTEGRATION/TIMELINE_annotated.png,122194,2297b97f7f7dc29ffc58733c77e02bb0deaa7d6f7e978138097dd4a51f76d8da
KABUKI_INV_2025-06-12_OUT_ZIP_INTEGRATION/TIMELINE_annotated.pdf,15036,268767cf1f45cebcdf7ac1ce7b5deca0f28f98d505e0db420871c62969939f6e
KABUKI_INV_2025-06-12_OUT_EXTRA/RED_FLAG_snapshots_pm60.csv,1,01ba4719c80b6fe911b091a7c05124b64eeece964e09c058ef8f9805daca546b
KABUKI_INV_2025-06-12_OUT_EXTRA/RED_FLAG_snapshots_pm60.pdf,1473,780566bce15e02dbcf0f8fe538b6a5bfdc322f975c7d4aa67700ae608aa28e99
KABUKI_INV_2025-06-12_OUT_EXTRA/HEATMAP_minute_x_device.png,46078,897c0e0fb269a5f71cd450d203702122445c58186c853b714fc3a761b5555e28
KABUKI_INV_2025-06-12_OUT_EXTRA/CO_OCCURRENCE_matrix.csv,225,4a8b5375c7abbd2be7c599284a9c082b174cbf24472c1a4b26a0887ed8fea3cd
KABUKI_INV_2025-06-12_OUT_EXTRA/CO_OCCURRENCE_heatmap.png,127366,2f096b5e943aca0f53858ec5b025979a4a191593d5373e17d75b0c966a70bc2e
KABUKI_INV_2025-06-12_OUT_EXTRA/DOMAINS_top.csv,505,a384e7e49b5ccba4e18a2999f83dfae19fef9b28e71d40ea6769203a39dc8e5c
KABUKI_INV_2025-06-12_OUT_EXTRA/MYVIETTEL_user_hits.csv,31,eef5e5ce8ce3d92d20e735202c464b1e66d52791ccac91675f9fbe6324dd4a7d
KABUKI_INV_2025-06-12_OUT_EXTRA/MYVIETTEL_friend_hits.csv,31,eef5e5ce8ce3d92d20e735202c464b1e66d52791ccac91675f9fbe6324dd4a7d
KABUKI_INV_2025-06-12_OUT_EXTRA/MYVIETTEL_only_user.csv,31,eef5e5ce8ce3d92d20e735202c464b1e66d52791ccac91675f9fbe6324dd4a7d
KABUKI_INV_2025-06-12_OUT_EXTRA/MYVIETTEL_only_friend.csv,31,eef5e5ce8ce3d92d20e735202c464b1e66d52791ccac91675f9fbe6324dd4a7d
KABUKI_INV_2025-06-12_OUT_EXTRA/H_EXTRACT/{.84368154682.-[]}.pdf,9254,ca628d257d7cbefa752775cde60b2a4713a16d7916ce409b0f3b803bc636eedf
KABUKI_INV_2025-06-12_OUT_EXTRA/H_EXTRACT/{.message.-.Successful.,.data.-[{.confirm_reg.-.Quý khách muốn đăng….pdf,123001,1c12d2b5281beec39dfa39a1649534acd62db44266b44d3ea18bf47ab3aada62
KABUKI_INV_2025-06-12_OUT_EXTRA/H_EXTRACT/{.-[],.84372503446.-[],.84368154682.-[],.0368154682.-[],.0372503446….pdf,10462,ed4f5163119c98eee6ebaf3e7c3d53d50e2e7d4c9f390c2b467ab89ae6d50462
KABUKI_INV_2025-06-12_OUT_EXTRA/H_EXTRACT/AudioClientLifeBOX.zip,228,34c00e1afe0ac2bdb00850839d5fa44524b2a2cd687449da03d274a0e0009651
KABUKI_INV_2025-06-12_OUT_EXTRA/H_EXTRACT/DocumentClientLifeBOX.zip,234,ce85a142b672f65b604dc31292b1ac0c603e1b49c4f25f215d3b812840e1a66f
KABUKI_INV_2025-06-12_OUT_EXTRA/H_EXTRACT/Media.zip,174,a0235c8af34952e61cb3273870a0b1700b95cc99d0b5857a2e22b8dfcfbb8a6f
KABUKI_INV_2025-06-12_OUT_EXTRA/H_EXTRACT/My-Viettel-App-MDM.pdf,3367647,264965613992cb94224aec9aca283841f1bddd26ec5f1a2083397e8c9c3edddf
KABUKI_INV_2025-06-12_OUT_EXTRA/H_EXTRACT/steChat.data,61440,a3843be762bafc1ccf77df80ec44685a3fcf701950c51a6b4f1f64b57db57f41
KABUKI_INV_2025-06-12_OUT_EXTRA/H_EXTRACT/viettel.der,1650,67f3dfbd69f2cc519d3e06d7b05a24a1c674bab1d25504e0646f7c167035a439
KABUKI_INV_2025-06-12_OUT_EXTRA/Tajima_EXTRACT/____________.csv,445,c388bc0e6339c82046778fd21dc0f9d43578249724d629094dab3e76270ef1df
KABUKI_INV_2025-06-12_OUT_EXTRA/Tajima_EXTRACT/history_search.txt,68,405c506a969c85ab80d7c44ff62240fa819b33333c26ad77f23e1af758965348
KABUKI_INV_2025-06-12_OUT_EXTRA/Tajima_EXTRACT/viettel.der,1650,67f3dfbd69f2cc519d3e06d7b05a24a1c674bab1d25504e0646f7c167035a439
KABUKI_INV_2025-06-12_OUT_EXTRA/Tajima_EXTRACT/viettel.zip,1666,0603a0a98d9cbf25611b0f036a815852b2fbe69a0c1bae083e1e9ba596fafb20
KABUKI_INV_2025-06-12_OUT_EXTRA/Tajima_EXTRACT/不正証拠/_____________csv__preview_.csv,445,c388bc0e6339c82046778fd21dc0f9d43578249724d629094dab3e76270ef1df
KABUKI_INV_2025-06-12_OUT_EXTRA/Tajima_EXTRACT/不正証拠/viettel_bundle_analysis_report.txt,458,339e0a81e00a4048d923bde04e99aeebab500ec5f310b8e83844b8b81a89aee8